Index,Sentence
1,You enter a dark cave; you hear echoing footsteps approaching.
2,"A mysterious figure appears in front of you, offering a quest."
3,Roll for initiative!
4,You find a treasure chest filled with gold and jewels.
5,The dragon roars and breathes fire towards you.
6,A trap door suddenly opens beneath your feet!
7,"The shopkeeper asks, 'Would you like to buy a potion or maybe a sword?'"
8,The wizard casts a spell to heal your wounds.
9,It's a critical hit!
10,"You successfully sneak past the guards, unnoticed."
11,You and your party set up camp for the night.
12,An orc challenges you to a duel.
13,You decipher the ancient runes on the tomb wall.
14,Your map leads you to a hidden cave behind the waterfall.
15,"Lightning crackles as the storm approaches, threatening your journey."
16,"A goblin leaps out from behind a rock, brandishing a dagger!"
17,The old wizard offers you a map to the lost city.
18,Test your luck by drawing a card from the mysterious deck.
19,You parry a surprise attack from a hidden assassin.
20,You overhear a conspiracy against the king while in the crowded tavern.
21,"Stars align above, a sign that fate itself intervenes on your behalf."
22,"You dodge a series of traps, each more complex than the last."
23,The door to the dungeon creaks loudly as you push it open.
24,"The bard sings a tale of ancient heroes, inspiring your courage."
25,"With a clever feint, you gain the upper hand in the duel."
26,"As dawn breaks, you spot an army marching over the hilltop."
27,The merchant shows you a selection of exotic spices and silks.
28,"A sudden earthquake shakes the ground, throwing everyone off balance."
29,Your torch flickers as a cold wind sweeps through the corridor.
30,You cast a spell to silence your footsteps as you sneak past the guards.
31,The enemy's shield shatters under the force of your powerful strike.
32,A cryptic message is found scrawled on the wall of the prison cell.
33,"A distant howl echoes through the forest, chilling your bones."
34,"You manage to decipher part of the ancient script, revealing a hidden prophecy."
35,"An eerie glow emanates from the artifact, its power palpable even at a distance."
36,The troll's club smashes the ground inches from where you stand.
37,You find an intricate magical glyph carved into the cavern floor.
38,"With quick reflexes, you block the orc's attempt to disarm you."
39,Torchlight flickers across strange runes etched into the chamber's walls.
40,"As the dragon's tail smashes through the pillar next to you, debris rains down."
41,"The ghostly apparition beckons you forward with an eerie, raspy voice."
42,"Mist swirls around your feet as you approach the sacrificial altar."
43,Strange whispers in an ancient tongue echo from the shadows.
44,You discern a hidden doorway behind the tapestry hanging on the wall.
45,The ship's captain offers a reward for help dealing with the sea monster.
46,A faint arcane glow pulses from the staff you found in the ruins.
47,"You deflect the assassin's blade at the last second, then disarm them."
48,Shadows seem to come alive and take form around the eerie mausoleum.
49,"As the portal opens, a blast of energy knocks you backwards."
50,You decipher part of the incantation inscribed on the jade amulet.
51,A mysterious voice whispers a warning as you approach the barrier.
52,"While crossing the rickety bridge, the boards begin to give way beneath you."
53,"Icy wind howls through the crevasse, making your next leap treacherous."
54,You spot telltale signs that minotaurs recently passed this way.
55,Strange runes are etched into the bars of the cell you awaken in.
56,"The wizard's spell tears open a rift to another plane of existence."
57,Tossing the ioun stone into the air summons a preternatural guide.
58,Magical runes flare to life as you pass through the warding glyph.
59,"As the drawbridge lowers, your party readies for the coming siege."
60,You find a battered journal recounting tales of the Lost City's riches.
61,Snaking shadows creep across the floor as the dark ritual begins.
62,An eerie blue glow emanates from the strange fungi growing in this cavern.
63,The ancient dwarven door requires both a key and a complex mechanism.
64,Strange whispers in a forgotten tongue echo from the depths of the well.
65,"The vampire lord emerges from their coffin, fangs bared and eyes glowing red."
66,"You find a dusty tome with a passage describing the Staff of Shaming."
67,Solving the sphinx's riddle reveals the path to continue your quest.
68,"Frost-covered runes hint at the location of a mythical frost giant stronghold."
69,"The chimera's three heads turn towards you, teeth gnashing hungrily."
70,"As morning light hits the crystal, it refracts into a brilliant rainbow of color."
71,"Passing the test at the Temple of Elemental Evil admits you to the inner sanctum."
72,"The harpy's entrancing song lures sailors towards the jagged rocks."
73,"After slaying the ogre chieftain, their tribe offers you a truce."
74,"Strange carvings on this monolith seem to point towards the eastern mountains."
75,You spot an opening that could lead to the legendary Mimic Colony.
76,Disturbing the unholy altar causes a swarm of vengeful spirits to manifest.
77,"The genie emerges from the ancient lamp, offering you a single wish."
78,"As your sword strikes true, ethereal spirits are freed from their cursed blades."
79,You discover a long-forgotten chamber filled with books of ancient power.
80,"The cyclops's massive club swings through the air, narrowly missing you."
81,You gain temporary resistance to fire after uncovering arcane runes.
82,Strange markings on the obelisk suggest it was crafted by the primordials.
83,Claw marks along the tunnel walls hint at the presence of displacer beasts.
84,An old sailor's map may reveal the location of the lost pirate haven.
85,You notice disturbing tracks that could belong to an ankheg or bulette.
86,"While studying the draconic alphabet, the letters seem to shift before your eyes."
87,The ornate throne radiates a powerful aura of control and domination.
88,"A mad prophet cries out a dire warning, but their words are indecipherable."
89,The ghostly ship appears through the fog before vanishing again.
90,You stumble upon an otherworldly fey crossing about to begin its revels.
91,"As you deactivate the artifact, its humming sound slows and fades to silence."
92,"Strange pictograms depict a ritual to summon a nightmare from the Shadowfell."
93,The ornate puzzle box seems to reshape itself each time you study it.
94,"Opening the cursed tome fills your mind with maddening, alien whispers."
95,Strange hieroglyphs hint at the location of an ancient tomb filled with riches.
96,The underground spring glows with overwhelming amounts of pure arcane energy.
97,Discordant notes from the haunted music box could potentially drive one insane.
98,"Rifts in reality open and close unpredictably amidst these twisted ruins."
99,"Cackling laughter echoes through the cavern as you near the mad hermit's den."
100,"The air crackles with arcane energy near the leyline nexus you've discovered."
101,"Your compass spins wildly, its needle unable to find true north in this place."
102,"An eerie crimson glow filters through the cracks of the demon-forged doors."
103,"Disturbing symbols and growths in this chamber suggest a cult's foul rituals."
104,"After solving the dead wizard's puzzles, their phylactery is finally yours."
105,"With a flex of your magic, the anti-magic field dissipates around you."
106,"Half-glimpsed shapes flit through the shadows surrounding the Fey Portal."
107,"Among the scattered giant bones, you spot strange draconic sigils."
108,"If you dare to speak its name, the Unspeakable Horror might manifest."
109,"Poisonous vapors seep from cracks in this chamber, choking your lungs."
110,"A strange horn sounds in the distance, heralding the Wild Hunt's approach."
111,"Deactivating all the traps simultaneously reveals a hidden treasure vault."
112,"After the Battle of Five Armies, only smoldering remnants remain."
113,"Touching the rune-etched blade taints your soul, granting dark powers."
114,"The goblin market bustles with illegal trade and strange magic items for sale."
115,"Bloody runes in a forgotten language cover the chamber's gruesome altar."
116,"Cryptic star-charts in the abandoned observatory hint at cosmic threats."
117,"Immense pressure and heat make this journey to the Elemental Plane perilous."
118,"Staring into the crystalline orb reveals visions of possible futures."
119,"Ancient glyphs and sigils cover the teleportation circle you've uncovered."
120,"The forest guardian demands you answer her nature riddles to proceed."
